id,valorPropiedad,direccionPropiedad,numeroHabitaciones,estrato,barrio
cf8605a3-a575-48f7-96f6-cb48952b63e9,$657455458.53,"Calle 133 # 90-4 Este Apartamento 5 151819 El Espino, Boyacá",1,6,Belen
a63a2840-4f61-4829-8116-168e72251004,$282647261.11,"Cr. 21 # 6-55 Oficina 490 976542 Yavaraté, Vaupés",2,6,Laureles
7a6adab2-4c3f-4107-9d1d-1878eaa5f954,$692864513.05,"Cr. 23C # 6-37 Sur 709310 Galeras, Sucre",5,1,Caldas
a154cf71-69ef-4429-a7f5-fa5f02000307,$80193545.51,"Cl. 40 # 6Z-7 Sur Torre 5 apartamento 2 527648 Cuaspud Carlosama, Nariño",1,2,Sabaneta
1c9abd01-db65-4232-b9c1-6d0cda17c7f6,$530087523.7,"Carrera 79 # 9-82 082388 Piojó, Atlántico",1,5,Sabaneta
5ec5af41-e8cb-4c54-8c45-f11a10763b52,$730218632.28,"Tr. 91 Sur # 55-71 Apto. 39 056697 San Pedro de Urabá, Antioquia",5,4,Sabaneta
eea13d8e-c4d2-4593-b8ea-08f47a79f3c8,$476748593.97,"Calle 18 # 17-2 Sur 688932 Vetas, Santander",3,1,Envigado
1821b842-f84e-4d13-a3a0-36153ea4529f,$713232425.24,"Transversal 94F # 9N-43 Este 411822 Rivera, Huila",3,3,Envigado
2bfce5fa-2c2f-44ca-9710-1307cc72bf4e,$254548074.0,"Cl. 1H # 1-4 Oficina 681 413150 Timaná, Huila",3,1,Laureles
d01e9533-e6e3-4bd0-809e-4044668574e0,$410930935.61,"Cr. 163 # 7-6 Sur Local 27 058299 La Pintada, Antioquia",3,3,Belen
4925c3f0-e940-47e1-9f7a-5cb5bd895f31,$816771859.61,"Carrera 36 # 2-83 Este 665133 Pueblo Rico, Risaralda",4,5,Laureles
b06032ab-a0fe-4a94-b4d0-e74f76fe5472,$974459975.78,"Carrera 30 # 5-86 Sur Apartamento 9 152677 Berbeo, Boyacá",4,1,Belen
3941b0ed-af8d-4089-a92f-78df002f664b,$837934431.04,"Carrera 9ª # 12Q-9 Bodega 33 689805 Confines, Santander",5,3,Sabaneta
38a62002-56ac-4d0f-9502-2a450b93885d,$719343244.4,"Cr. 9ª # 4-64 Apto. 21 199909 Mercaderes, Cauca",1,6,Sabaneta
81f2f425-c708-4fcf-a9f2-3bbff8b397f3,$784414923.75,"Cl. 5ª # 6-2 Oficina 371 257991 Simijaca, Cundinamarca",1,2,Laureles
7735674e-a7a6-424c-b068-52e727d28cf9,$411119913.79,"Avenida Manizales # 4-69 521241 Ospina, Nariño",4,6,Itagui
055bb17d-6e6e-49c6-baf5-be4971ff15ff,$204521392.3,"Cr. 97I Este # 28-20 Este 254005 Sesquilé, Cundinamarca",3,2,Belen
d0ccac99-0157-4a1c-8a5f-cdeb3acc0b65,$716729297.79,"Cl. 61 # 36-49 Apartamento 62 154505 Tipacoque, Boyacá",1,5,Envigado
371ded4e-9c22-44b1-8d23-de3009f3747f,$557432883.18,"Avenida David Ferney Cruz Suárez # 13-43 Sur Oficina 16 194216 Almaguer, Cauca",2,2,La Estrella
9eaeadbd-e1a2-4c61-8aa4-a7bb443f70fb,$410482669.67,"Tr. 2B # 65-7 Este 470142 Pivijay, Magdalena",5,2,Itagui
0ab3ae08-b462-446b-bf53-4e006125b188,$850709324.18,Calle 65 # 91-54 Este 810883 Arauca,1,2,Poblado
a740ca6f-0f36-4a8c-bfea-24060740f6a0,$814793510.73,"Carrera 5A # 6-86 Sur Local 78 666629 Guática, Risaralda",4,3,Laureles
6c555cd7-5e52-42d2-b5a4-e3fa242bd49e,$250433701.41,"Avenida calle 4ª # 33-13 688951 Piedecuesta, Santander",5,6,Itagui
af35d879-a5bf-4bf9-bbd7-1daf52f511b0,$251995216.85,"Calle 71Y # 8-18 Este 257632 Guayabetal, Cundinamarca",4,4,La Estrella
f29f60b7-a807-4d0e-a1d0-a020be696b1b,$185728010.92,"Avenida calle 187 # 8X-57 257986 Lenguazaque, Cundinamarca",2,2,Belen
7c0a5475-3e7b-448b-92d1-e26e3a9ba347,$759663121.07,"Avenida Caldas # 4-7 Este 253455 Villagómez, Cundinamarca",4,5,Caldas
15cf6f9b-ab2f-4a26-bb55-4912267fae44,$393896621.53,"Av. carrera 1ª # 7Y-89 Torre 2 apartamento 756 153669 Tuta, Boyacá",2,5,La Estrella
905d14bf-89e3-458e-994e-c0d44e198f92,$136363941.57,"Cr. 36 # 9E-1 Sur 526706 Barbacoas, Nariño",1,1,Envigado
3b83a0a4-fe74-477d-9bb5-f550ab540a67,$646073739.62,"Cl. 164 # 26-84 Apto. 72 054653 Guatapé, Antioquia",4,5,Laureles
96209595-4112-4d05-b36e-c082ac458012,$415528946.09,"Cl. 41P # 64-3 Este Apartamento 6 940330 Cacahual, Guainía",5,4,Belen
df0b5ea1-93f9-4d2b-aafe-fe41ac0875ad,$972524458.73,"Av. carrera 4ª # 4-2 Este Casa 5 154966 Guacamayas, Boyacá",1,6,Laureles
edbb1b9a-adb4-4b7e-a488-9d79a76560d4,$697624850.58,"Avenida calle 71 # 77U-32 Este Apto. 185 418506 Hobo, Huila",5,3,Itagui
2fbe2295-9c52-4ca7-843b-fb8aaf5cef08,$155974564.92,"Carrera 1V Bis K # 35-8 Etapa 9 apartamento 865 851473 San Luis de Palenque, Casanare",4,2,La Estrella
3cbad5bc-e9f4-4a98-ac2e-9725ccf8675c,$53083050.3,"Cl. 177 Bis U # 41-74 Este Etapa 6 apartamento 58 521367 Córdoba, Nariño",3,5,Envigado
efca416c-8ab0-4a22-b2c6-d33ca8283451,$532297590.87,"Calle 91 # 42W-83 Sur 254443 Guataquí, Cundinamarca",1,6,Belen
b9c751be-09d5-4733-b455-8ca1381d61bc,$849585880.76,"Calle 5ª # 22-17 Este 860824 Colón, Putumayo",5,5,Sabaneta
7e181cdc-e21d-405a-9c1d-da51f1e0ace4,$195197305.12,"Calle 102 # 5-2 Bodega 85 274711 El Cantón del San Pablo, Chocó",2,5,Poblado
d0b10c3f-890b-45a1-b141-52d1a275e11d,$618997355.24,"Cr. 4Y # 34-41 154990 La Capilla, Boyacá",4,1,Laureles
60d1c978-689a-4dae-936d-5832b3d700a7,$932643685.45,"Cr. 113O # 49Z-7 134034 Arjona, Bolívar",3,2,Poblado
34a121f2-4528-4c62-bfbe-82f9d1f881cd,$278828012.82,"Av. calle 27 # 74-5 Este Torre 3 apartamento 5 972499 Papunahua, Vaupés",5,1,Laureles
f88296c8-7c1c-4068-a1fc-62d5ff918fbb,$745312215.1,"Tr. 1ª # 14V-39 Sur 945940 Pana Pana, Guainía",1,5,Envigado
834b5a34-1930-4056-8fdd-240f9477ddaf,$171971891.27,"Calle 62 # 57-7 Este Bodega 57 857565 Orocué, Casanare",4,5,Envigado
04e9e2a2-a66f-4b7b-8911-de6c7c6aba93,$301803797.49,"Calle 159 # 47-50 Este 058087 Olaya, Antioquia",5,4,Sabaneta
defc421b-91e4-455b-86cd-566ca454c66a,$932467818.35,"Calle 171 Sur # 52-97 Este Etapa 8 apartamento 8 152480 Puerto Boyacá, Boyacá",2,6,Belen
78596c36-6b80-4405-a3e8-befd350079af,$429042685.0,"Calle 7C Bis # 5-18 Sur Oficina 838 256398 Topaipí, Cundinamarca",3,4,La Estrella
bd1fe188-5d55-4f9f-8854-9636ff28d8f3,$164953986.07,"Av. calle 133 # 73-1 Sur 418867 Campoalegre, Huila",2,1,Itagui
c71376b9-14a5-4dd5-b147-184b893f6371,$69982547.01,"Avenida Luis Edward Rodríguez Sánchez # 8E-51 Sur Oficina 70 738951 Chaparral, Tolima",5,2,Sabaneta
509f4bd1-c302-4317-a722-4bf114996750,$56831297.04,"Av. Caldas # 21-8 Apto. 658 549134 Teorama, Norte de Santander",1,2,Laureles
d47c07d6-ee6e-4d04-9a4e-bbf4f78619cf,$910149012.36,"Cr. 122 # 7-4 Sur 416238 Elías, Huila",3,1,Sabaneta
8fd6bb90-aff9-4fb2-8a1e-afc005c14fd8,$314553400.77,"Cl. 194 # 86-54 154821 Somondoco, Boyacá",4,2,Envigado
051c0adb-c2e5-4415-b584-0c6a39da0c57,$737184937.59,"Av. Fernando Ospina Duque # 80-59 549440 Chitagá, Norte de Santander",5,5,La Estrella
ea38d8c6-0c1b-4024-9668-07dea8671227,$280847380.28,"Calle 64 # 32-93 Sur Torre 4 apartamento 5 524709 Belén, Nariño",4,4,Sabaneta
6877d0c0-048a-4c05-ac19-ada296739cfc,$139609506.67,"Av. carrera 185 # 7-1 Sur 881236 Providencia, Archipiélago de San Andrés, Providencia y Santa Catalina",4,3,Caldas
be85fcbf-8058-4d34-abd8-7e4e0b635e17,$440547162.25,"Avenida Pijiño del Carmen # 81H-5 Este Apto. 845 913709 Tarapacá, Amazonas",1,6,Laureles
2365c7a6-c8be-4824-8a2c-679e409e17ad,$107582040.37,"Avenida San José de Pare # 9-75 Este 667113 Guática, Risaralda",3,1,Sabaneta
3fcb7eef-a276-4785-b98c-2f9781f4c905,$232010568.53,"Av. carrera 25 # 18L-75 Sur Oficina 294 155377 Viracachá, Boyacá",5,4,Envigado
325caa8d-6be8-42da-99d6-d512edcac10c,$450787557.84,"Cl. 193Y Este # 6H-3 Este Apto. 8 190532 Puerto Tejada, Cauca",3,4,Sabaneta
a581c864-2e53-4487-a777-41f7efa642c4,$880761656.37,"Calle 1I # 7-9 Etapa 3 apartamento 32 052053 Amalfi, Antioquia",1,4,Laureles
a2282e0b-3cf7-4d87-87e3-b7ceff1fe92d,$98058913.05,"Transversal 184V # 10-8 Sur 088390 Juan de Acosta, Atlántico",5,1,Laureles
ebe6a7fc-3a72-432d-809e-c456670cddd1,$930048633.86,"Cr. 68 # 9-59 Sur 689212 El Playón, Santander",2,2,Caldas
96dea684-f634-414e-8b43-fe93bc8af893,$511359069.18,"Avenida calle 76 # 65-56 Sur 767365 Roldanillo, Valle del Cauca",2,4,Poblado
6fc452f2-b373-4ad1-a6c8-3ecc31036786,$206405265.33,"Carrera 116 Bis # 1-56 Este Bodega 2 156152 Tuta, Boyacá",1,4,Belen
564a3582-d05b-4ca8-bc44-8cfdfed629ed,$930192169.88,"Cr. 49 # 9R-1 Este 413158 Villavieja, Huila",4,3,Caldas
712a10e6-0e6c-4eab-9ac1-b1048ecf6409,$711761928.42,"Cr. 1ª # 9-4 Sur Apartamento 345 252296 Suesca, Cundinamarca",5,6,La Estrella
a6cc0dda-006c-40ab-bfd0-fccae2173ecf,$197056984.01,"Cr. 20 # 8-86 Sur 689910 Cerrito, Santander",3,2,Poblado
0d0b23fd-acc0-4e5a-9e38-cc7da1da30f6,$600221276.28,"Cl. 1ª # 5-4 259784 Topaipí, Cundinamarca",5,1,Itagui
c9931684-9056-4c13-944c-ff4514c089d8,$104307009.26,"Diagonal 2 Bis # 7-10 Sur Etapa 6 apartamento 26 252683 Paime, Cundinamarca",5,4,Envigado
4e68d6e9-84be-4217-b948-1ff8d9b40797,$104035600.74,"Cr. 151 # 41-7 Este 130529 Córdoba, Bolívar",5,1,Envigado
c1321940-2588-488a-877f-26592afd729f,$115095266.07,"Calle 35 Bis # 5-42 632181 Buenavista, Quindío",1,6,Sabaneta
27998a57-6eb7-4657-bffa-6e3b1ca96152,$433586773.75,"Cr. 149 # 9-2 Sur 155271 Tutazá, Boyacá",5,2,Poblado
3c097dcc-c2c8-4700-b9f8-94cc6068d806,$638412434.82,"Carrera 80 # 63S-8 Este Bodega 14 701998 Morroa, Sucre",4,6,Itagui
c384325f-d38d-4e5a-9eb2-e6a85fa0e08a,$937970944.85,"Cr. 55 Bis # 1-65 Apartamento 81 150377 Tópaga, Boyacá",2,6,Itagui
3fa41ad6-d888-4675-9c55-c6180751c6bc,$276751654.99,"Av. calle 5ª # 26W-52 Este Apto. 949 475192 Remolino, Magdalena",4,2,Belen
a9e2dd5e-4482-41f5-b946-c0aa4cab50bb,$484363343.94,"Av. carrera 85 # 3-3 520542 Santa Bárbara, Nariño",1,1,La Estrella
add9ee22-500f-4a95-ada0-c5f2031b4a4a,$640101292.72,"Cr. 39 # 60-46 Sur Apto. 99 419622 Acevedo, Huila",5,1,Laureles
17e07209-60d4-4a37-8a8a-bf6d7d411f6f,$560752683.9,"Cr. 33Q Bis F # 6B-97 Bodega 47 275977 Carmen del Darién, Chocó",5,3,Envigado
62b6ca74-83b5-4929-969c-dc29f373d85e,$936596409.09,"Transversal 8ª # 1A-76 Este 857826 Chámeza, Casanare",1,2,Itagui
5669d210-2f6f-491b-9fa6-a9f86e09c59b,$320738021.66,"Transversal 8ª # 82-17 521522 Samaniego, Nariño",4,5,Belen
2576a3bd-4377-476d-b3ab-31e2932b6ec9,$631093877.44,"Cr. 81C # 90-4 Este 051036 Concepción, Antioquia",5,1,Belen
daacc2f6-77a8-46b2-ae88-5c81173a7e89,$935168237.46,"Cr. 167 Sur # 7-6 Sur Etapa 7 apartamento 132 158518 Sora, Boyacá",1,2,Belen
e3d40171-22a3-44fc-8a8c-b58a872ea83b,$159657236.9,"Cr. 87 # 82-11 Sur 052058 Carolina, Antioquia",1,6,Envigado
1d97446d-6821-4989-b593-8c13df8e3934,$308730801.7,"Calle 6L Sur # 7-75 Este 208740 El Copey, Cesar",5,2,Itagui
e777c34d-7a05-4dfb-8c1a-ad5f3889449c,$243417446.71,"Cr. 3ª # 25-2 Sur 688416 Oiba, Santander",3,5,La Estrella
4446fe57-6fa5-4d30-8ed8-99301d2c6e9a,$288565189.47,"Tr. 20 # 96-35 410596 Acevedo, Huila",1,1,Caldas
6ea4bd83-f016-4386-9625-c7fab4383608,$837880684.9,"Calle 8ª # 27L-3 Este Bodega 1 155569 Sogamoso, Boyacá",1,1,Itagui
9c0f6a40-0055-44fb-9e95-d52a9c1621d9,$782563261.87,"Av. calle 2ª # 8-44 Este Oficina 63 522786 Magüí, Nariño",3,2,La Estrella
a1bd61d7-b52f-4084-940b-a2440d535d29,$574096400.07,"Avenida calle 6ª # 91-58 Sur Bodega 4 277271 Cértegui, Chocó",4,5,Poblado
56a418f5-a47a-4990-a2dc-9eeee03d3f47,$156280186.56,"Carrera 6ª # 38-2 Casa 6 173237 Belalcázar, Caldas",2,5,Poblado
971316bc-59a1-4b1d-bb33-3b53974c8d86,$842865268.89,"Cl. 189Y # 3-7 Este Oficina 86 415177 Suaza, Huila",5,5,Envigado
7449d7da-327c-4456-9a38-f06ad7b9d0bd,$458297377.24,"Avenida Caldas # 5-38 Este Apto. 92 055358 Uramita, Antioquia",1,3,Itagui
419b6866-8d28-45ed-983a-a3d2f606a257,$904032414.31,"Dg. 2ª # 5-4 Este Apto. 9 419959 La Argentina, Huila",1,3,Sabaneta
71c6a17f-904b-4962-b25e-87f180dff2b3,$697963353.9,"Carrera 47 # 6-62 Este 684710 Bolívar, Santander",1,3,Caldas
6c6af6fd-ae3b-43ba-b9bc-7556ac3e55d8,$975145171.51,"Calle 104 # 46T-3 Sur 503714 Puerto Lleras, Meta",2,2,Envigado
2dcd3379-40b1-4016-ae37-258e6c37b3cb,$977395731.28,"Av. carrera 139 # 5-80 Este Torre 3 apartamento 877 411687 Yaguará, Huila",2,4,Poblado
6b5afbca-219d-414c-9ad7-703a6b870eac,$220392630.25,"Carrera 135 # 71-9 Sur 735650 Armero, Tolima",3,4,Sabaneta
f7c3ebf2-94b3-45c6-8037-48cbae3c8667,$303465424.11,"Carrera 1B # 6-8 Este 258523 Zipacón, Cundinamarca",1,4,Poblado
60a6aff7-6587-45f9-ba7d-f1a18cb66878,$865663588.77,"Av. Risaralda # 98-9 Sur 709526 Colosó, Sucre",2,2,La Estrella
2a9ccb8f-18c0-4b88-b17c-f621630c96b7,$382175503.22,"Tr. 199 # 8-30 Este 419409 Elías, Huila",2,2,Poblado
c292d982-d84e-42bf-bdb5-dfea51acb3c8,$677031523.61,"Carrera 136 # 89-1 Este Casa 4 523075 Yacuanquer, Nariño",4,3,Belen
88cdd570-824a-4142-97a3-235935fc8254,$871135294.93,"Cr. 84 # 4-5 Este Torre 9 apartamento 685 157858 Santana, Boyacá",3,3,Caldas
d0fda95e-107e-4846-b9ed-569126be1ede,$695542212.44,"Cr. 76 # 3Y-5 415844 Campoalegre, Huila",5,3,Poblado
6aeee262-ba2e-4abf-a08d-5a52418a55c2,$159574664.26,"Cr. 49 # 4-48 Apto. 643 278484 Juradó, Chocó",3,2,Belen
b244e96e-d9df-487b-a617-f7ed49a8d7ae,$86344337.49,"Calle 145 # 2-40 Este Oficina 61 158267 Buenavista, Boyacá",5,4,Itagui
e45ad672-44b8-4f16-afdd-637ef3a57090,$742117807.62,"Avenida Milena Agudelo # 84K-9 Este Casa 7 056724 Peñol, Antioquia",3,4,Laureles
c2488efc-35ec-4c58-b4fe-52e96db346fe,$415935661.68,"Cr. 55A # 33-7 Sur Casa 94 761527 Buenaventura, Valle del Cauca",5,2,Belen
8d429acf-051e-4e18-9790-a824eeff5386,$92167207.03,"Cl. 64 # 1-59 Este Local 21 857530 Aguazul, Casanare",4,1,Sabaneta
f10dcfaf-76a5-4afb-b855-173a8d2dbca4,$396010398.19,"Cl. 82 # 6-7 Este 528414 Funes, Nariño",1,6,Itagui
94f3981b-52be-4ac2-a211-d6ea472b8615,$641997639.45,"Calle 9K # 83-2 Este Torre 4 apartamento 281 730883 Ataco, Tolima",1,6,Belen
0aaed1b6-70ee-4c06-b3d8-724641223ec8,$531766378.83,"Diagonal 23 # 6-2 Este Apartamento 87 688740 San Andrés, Santander",4,3,Caldas
c2778875-6a15-415f-9f66-168e8ece2e80,$712347993.48,"Transversal 166 # 9-3 Este Apto. 86 052656 Yondó, Antioquia",5,2,Sabaneta
6921d460-93a6-4625-941b-7bd1cd8f1fb8,$449424017.08,"Carrera 46R # 3-55 Apto. 38 500047 San Juanito, Meta",4,6,Envigado
fec2e3b7-f871-4c75-a3e4-2015027ee954,$634739170.15,"Cr. 103 # 46-97 Apartamento 7 151190 Gachantivá, Boyacá",3,4,Poblado
975de187-381a-44d5-af67-8e47f140e337,$338681201.8,"Calle 48 # 14-9 Este 059953 Valdivia, Antioquia",2,4,Itagui
8ef1fbf2-52cf-4002-8905-7a824f858b5b,$491738780.73,"Cr. 47 # 3J-8 186624 Solano, Caquetá",4,6,Sabaneta
4ea3efab-db05-4304-ab3e-5853165003dd,$535615297.03,Avenida carrera 2ª # 13-5 Sur 683517 Bucaramanga,2,6,Laureles
1a2eda20-f3e6-49e7-be4b-a0737ea8ccf5,$319597084.74,"Av. carrera 117 # 49W-7 054033 Puerto Nare, Antioquia",5,3,Laureles
8b971528-c2b3-43d7-b971-1117b8383ddc,$827502291.31,"Av. calle 6ª # 4-30 477175 Aracataca, Magdalena",2,6,Belen
84c02907-52f7-4243-90ef-a678d05bd8e0,$263408632.7,"Cr. 154 # 87-37 Este 253693 San Antonio del Tequendama, Cundinamarca",2,2,Poblado
40f27207-3b1b-4bb9-9f66-490ef48b19c3,$93903032.19,"Carrera 31U Este # 9-8 Sur Casa 32 528010 Belén, Nariño",4,5,Laureles
3f8439c9-de5b-47f8-be5f-c581963ac8e7,$482645359.96,"Cl. 22 Bis Z # 42Q-4 Este 050084 Yondó, Antioquia",5,2,Caldas
ae6af41f-fe87-45f1-987e-590c1b6c181f,$519658310.56,"Diagonal 101U # 96-8 869334 Puerto Guzmán, Putumayo",2,2,Poblado
911a20db-97d0-432d-b1b9-085ccc04cc0d,$898026834.9,"Transversal 89 # 5-91 Este 059180 Betania, Antioquia",1,4,Sabaneta
d7049b8a-b914-4db7-8be6-ec5eb665c2ea,$217092347.62,"Carrera 79 # 78-35 Este Casa 6 059261 Maceo, Antioquia",5,4,Poblado
6286cfe7-8ad8-4574-baeb-041b86900d3b,$579535504.33,"Cr. 50 # 47-67 Este Local 13 135999 Clemencia, Bolívar",1,4,Envigado
d5e444fd-3360-4b8f-853f-b389eeece3c3,$811345771.64,"Cr. 165X # 1-51 Sur Oficina 313 521426 San Lorenzo, Nariño",5,5,Itagui
cc4973f2-e3d3-4a73-bb40-a14937d456ac,$952537628.02,"Calle 158 # 6-7 527888 Guachucal, Nariño",4,5,Caldas
08675597-c25a-4604-a297-7d4f57393e84,$839040711.24,"Carrera 31 # 56-8 Oficina 7 276224 Río Quito, Chocó",5,4,Envigado
61b42c40-dee2-4968-ae2a-c1a2804887f0,$756472670.05,"Avenida carrera 7ª # 8K-6 Sur Etapa 4 apartamento 81 524065 Gualmatán, Nariño",4,4,Belen
36b10945-ee8f-4f51-bc84-65158f944ee8,$764187947.18,"Cl. 119I Bis L # 9-3 Este 155479 San Luis de Gaceno, Boyacá",3,5,La Estrella
8e1607dd-2856-4e62-895a-c62285ea4126,$645411015.13,"Calle 76 # 8-7 Este 057243 Guatapé, Antioquia",3,4,Laureles
6e03cdbe-905e-49f8-9036-17f4bbc5f881,$727867619.48,"Calle 66U # 21N-50 Oficina 98 761352 Sevilla, Valle del Cauca",2,3,Itagui
eefa4d96-1496-4b1f-b85a-de3e4a15b6da,$353724090.0,"Tr. 112 # 8-45 Este 760714 Yumbo, Valle del Cauca",5,1,Envigado
87076813-8dee-4202-ab83-cb1fb0e6265f,$193289125.11,"Cl. 2ª # 92-33 Este 731401 Piedras, Tolima",4,6,Envigado
454de7b7-4f46-4e66-8a45-be6df1b9ef20,$721098184.61,"Cr. 4ª # 76-1 Este 172266 Manzanares, Caldas",1,4,Caldas
dc99a455-613a-4cc1-b4ea-e15e7619b772,$364337321.49,"Dg. 68 # 79-2 Sur 235371 Los Córdobas, Córdoba",4,4,Poblado
5f1501f8-17c7-4117-bae4-fb7dc1623607,$246492670.04,"Cl. 92 # 3-79 Sur Bodega 39 525134 Barbacoas, Nariño",4,4,Poblado
00edbc97-3e5d-47eb-b482-d54f348629b9,$863895430.69,"Avenida carrera 1ª # 3A-47 Sur 194225 Mercaderes, Cauca",5,4,La Estrella
d4dcc4ce-808a-4db7-8558-b6611c2d5a30,$55601279.4,"Cl. 58 # 8-8 Este Bodega 767 761903 Roldanillo, Valle del Cauca",3,3,Caldas
6c7378a8-c2e3-4be6-8fd2-87a5cf895c6c,$860775553.04,"Diagonal 53 # 5B-67 Apto. 288 767836 Zarzal, Valle del Cauca",4,5,Sabaneta
e5aafdf1-f82c-46a4-b7d0-589e0160151a,$513818003.67,"Avenida calle 1ª # 58-9 682923 Ocamonte, Santander",3,4,La Estrella
f79c7578-b26c-42f4-a75a-8789578d5cd7,$77573578.95,"Cr. 73 # 59-7 Sur 470422 Ciénaga, Magdalena",3,6,Caldas
5b52678c-ff8a-41de-8ca3-dd5f7c040b2b,$737972308.75,"Avenida carrera 117 # 95-71 687590 Suratá, Santander",4,2,Poblado
f99b10fd-5a75-4028-8e82-4311762c612b,$911582419.46,"Cr. 8ª # 3-8 Sur Torre 8 apartamento 548 689750 Gámbita, Santander",5,5,Poblado
0293f0ab-c819-4e1e-a03a-9575cb9134f0,$129750089.05,"Transversal 12 # 4-74 Este 051541 Abejorral, Antioquia",4,2,La Estrella
0df9fc9e-fbed-4551-aa73-9db41290689a,$222642575.19,"Cr. 2ª # 22N-47 Sur Apto. 11 139387 Santa Rosa del Sur, Bolívar",3,4,Itagui
c49d3626-b2c4-430b-96f1-232b25643ed3,$251077270.0,"Cr. 8F # 3-73 Este 132218 San Martín de Loba, Bolívar",3,3,Caldas
7897aae5-be0f-4f4e-b6e7-b2a08304df9e,$314343784.86,"Cr. 93 # 19-54 685652 Pinchote, Santander",4,3,Laureles
5649dca3-592a-4420-9f36-3fffbb8e05ab,$496791494.4,"Calle 65A # 7-6 Este 856137 Monterrey, Casanare",5,1,Itagui
677baeb7-0cec-4eda-8542-e47c9af919e6,$263011057.43,"Av. carrera 7ª # 78-7 Este Bodega 2 184300 Milán, Caquetá",1,6,Poblado
a037615c-0847-42fb-bd65-926f5301b5dd,$766521543.86,"Cl. 74 Sur # 43-20 Sur 631832 Córdoba, Quindío",2,2,Poblado
b63cdf40-8f0d-4ce8-9581-1ef36ad5fffd,$640268873.76,"Av. carrera 98 # 64-32 Este Bodega 12 152027 Güicán de la Sierra, Boyacá",2,2,La Estrella
05f72cdb-393b-4773-b0a8-ab4322c15933,$685985902.39,"Cl. 179 # 3-5 Apto. 168 254917 Sutatausa, Cundinamarca",5,2,La Estrella
82beeb46-8e19-4670-8f4b-ae2014ef3a81,$714491722.68,"Av. calle 12 # 46-6 Torre 9 apartamento 1 150756 Guayatá, Boyacá",3,2,Laureles
2d2ae9d8-c412-48ce-9ced-81df03668cd1,$788902291.87,"Av. carrera 81 # 6Y-24 Este Local 51 682380 Betulia, Santander",2,3,Laureles
ab495000-2dff-4cd2-a01b-eda8152e7509,$599750495.88,"Carrera 4Y # 38-13 Sur 709375 Colosó, Sucre",3,5,Caldas
ce932d25-086a-4012-a9fa-e2b25eeb8e3e,$426821719.44,"Av. Cerrito # 30-5 054138 Frontino, Antioquia",2,1,Sabaneta
c4e1f240-4f4c-4f9a-a541-1d9b3173870a,$146806240.17,"Calle 3V # 6-74 Este Torre 9 apartamento 77 058261 San Carlos, Antioquia",3,6,Laureles
4dd1e49f-7663-433c-95bc-893954ae5848,$806415855.77,"Carrera 75 # 6-4 Sur Local 83 472912 Guamal, Magdalena",5,1,Itagui
de0730be-cfc4-4615-8789-b9b3dd348fec,$556107983.04,"Avenida calle 152 # 4-6 Sur Bodega 5 414903 San Agustín, Huila",3,1,Itagui
48800d81-a301-4be6-979a-50b40a0c71f3,$62019542.66,"Calle 3ª # 1-4 817883 Puerto Rondón, Arauca",4,4,Laureles
366d884b-759f-4ee6-a611-2be95977f604,$461847231.26,"Diagonal 6ª # 8-1 Oficina 61 201372 Agustín Codazzi, Cesar",3,6,La Estrella
ea309bb2-8252-4fdb-944f-bb333631dab3,$721943211.52,"Dg. 40 # 97-86 Oficina 86 685324 Jesús María, Santander",4,2,Belen
2c0fd0af-aafb-449a-9249-429bae41d75b,$635116736.35,"Cl. 164S Bis # 6-4 Etapa 7 apartamento 33 136578 San Jacinto, Bolívar",5,4,La Estrella
70c7302c-c9ec-4ee3-94b5-34aa44f758b4,$463795768.35,"Cr. 73 Sur # 3-42 Este Apartamento 89 271334 Acandí, Chocó",5,3,Itagui
fa05031f-d99b-4365-bc72-f3238d998c1e,$859127502.02,"Calle 139 # 8-18 Sur Local 19 447842 Manaure, La Guajira",1,3,La Estrella
8012c5c0-18ce-4f23-b237-76df309df60a,$281670267.23,"Calle 185D # 26L-69 Sur 200029 El Copey, Cesar",4,5,Caldas
6b2df140-aba6-4499-b2df-53c903974ff6,$369576788.9,"Carrera 72 # 3-34 Este 472895 Cerro de San Antonio, Magdalena",4,3,Envigado
6b16e632-7b00-4bae-b76d-ab81f7fec7a9,$513172435.77,"Calle 65 # 2-6 Sur Oficina 19 059172 Alejandría, Antioquia",3,3,Itagui
31622290-cf4f-47de-8d54-80830e94a348,$315675563.64,"Tr. 176N # 2-86 Este Etapa 4 apartamento 44 050067 Buriticá, Antioquia",5,6,Belen
a69b59bd-b2a0-44a2-9083-56562a6d5075,$578001476.52,"Av. carrera 61 # 7-3 Este Casa 8 254054 Anolaima, Cundinamarca",5,2,Laureles
492dccd6-3c08-4914-9d56-587ccfb14204,$279288247.85,"Calle 98 # 5-44 132015 Arjona, Bolívar",4,4,Sabaneta
84d6269c-5ef2-43aa-bac6-46f7c01c80d0,$706078872.47,"Avenida calle 89 # 1-4 050614 Santa Rosa de Osos, Antioquia",4,4,Poblado
ca657173-0332-489a-983f-09ac7b7ee703,$138400683.03,"Cl. 66 # 1-5 Sur 277418 Río Quito, Chocó",2,4,Sabaneta
22a56c7d-05b5-4d4f-8a3f-15af416ede3a,$340895728.62,"Av. Yaneth Marisol Figueroa Guerrero # 47-8 Sur Etapa 4 apartamento 5 701586 San Onofre, Sucre",5,3,La Estrella
06d46c49-608a-4337-b933-754b52633297,$575799307.26,"Carrera 46 # 52U-69 Este 132233 El Carmen de Bolívar, Bolívar",3,4,Itagui
3672638b-a08c-4666-a7d2-219e6251636f,$384220001.23,"Calle 199E Este # 21-2 Sur 080998 Ponedera, Atlántico",4,3,Belen
ff2eade7-f59f-4f01-bfac-75a3c9e25018,$288833492.39,"Cr. 16 # 4-15 Este 910246 Puerto Nariño, Amazonas",1,6,Sabaneta
6ff36e4d-d6c4-406b-a50c-6dbe81a95c85,$349770546.81,"Av. Sergio Alexander Padilla Calderón # 8-4 Sur 731324 Espinal, Tolima",5,6,Envigado
af01afcd-2dc6-4dfa-9ff4-79c828460cdf,$231963924.36,"Avenida Andrea Pulido # 4-10 Sur 738628 Purificación, Tolima",4,3,Belen
e81cbeeb-e696-4b7c-a917-020adc0e69c6,$981485098.94,"Carrera 179 # 35-5 Este 051035 El Santuario, Antioquia",2,3,Sabaneta
a531e8ac-1818-40b4-8928-51c2d99ca282,$392837015.69,"Carrera 80Y # 12U-4 Sur Etapa 1 apartamento 7 133334 Santa Rosa, Bolívar",3,1,Envigado
c6940598-e86a-4a90-98e9-bdfa96c0e9d8,$310595760.44,"Calle 6V # 59-5 Este 414896 Palermo, Huila",1,5,Belen
7e03c6d2-1537-45f1-bec1-bb24f84a680d,$712546523.26,"Dg. 35Z Bis V # 57-74 Sur 154328 Cubará, Boyacá",2,6,La Estrella
48870f54-1396-46f0-a0ec-252620416027,$147458264.45,"Calle 5ª # 68-22 542824 Hacarí, Norte de Santander",1,5,Belen
2e955dd6-cf03-424e-98a2-a1a5463fcafb,$495927097.68,"Avenida carrera 199 # 47C-9 527170 Cuaspud Carlosama, Nariño",4,3,Envigado
d30fe6d5-8f7b-49b3-a7af-b3bdb388c757,$967222760.98,"Dg. 22 # 62-1 Etapa 7 apartamento 1 545697 Arboledas, Norte de Santander",3,4,Laureles
6af51e71-fb37-4d4a-a8e9-a1c096e22018,$831009863.03,"Carrera 100 # 15-6 Este Etapa 4 apartamento 31 689666 Suratá, Santander",4,4,Laureles
81b52f2f-67c6-40ed-a5b0-1c31a20b348c,$598170098.65,"Cl. 1 Sur # 8-94 Este 194216 Rosas, Cauca",1,2,Envigado
72977886-ddab-4097-8ce2-8b4e79e8e97b,$820584972.46,Cr. 42 # 39-28 Sur 863260 Mocoa,3,1,Sabaneta
769abfd3-64b9-42dd-8803-f84c2d0fdc28,$162528984.1,"Calle 147 # 53-70 Este Oficina 5 050016 Peñol, Antioquia",4,5,Sabaneta
418683d5-1d95-43d9-95c0-41eec2a11aa8,$786908862.71,"Cr. 4Q # 5-36 151173 Busbanzá, Boyacá",4,4,La Estrella
a9a3ff90-e10c-43e6-a39b-ad237566b636,$332485475.89,"Calle 28 # 41-84 Sur Torre 8 apartamento 6 761197 Candelaria, Valle del Cauca",5,4,Belen
ab116b98-0972-47d1-930e-9cbea2542d65,$590197997.09,"Calle 100Y # 6V-62 Sur Bodega 1 254556 Sesquilé, Cundinamarca",1,5,Laureles
dd005afc-cbc5-4ef1-a05a-80dc05b9a939,$950210690.31,"Carrera 121N # 1-3 256746 Susa, Cundinamarca",2,6,Sabaneta
d13b5d60-11f0-4b05-9ae2-9065fc254121,$301413819.03,"Avenida Palmar # 5-6 Bodega 85 682771 Betulia, Santander",1,2,Sabaneta
0ac6b063-b6e2-4b80-a4a9-3e9692436ec7,$215122870.91,"Avenida Bolívar # 3-9 Sur 865628 Colón, Putumayo",1,2,Poblado
7148f518-45e6-4eb2-b3bf-f3bbb1a8c2a9,$438091694.03,"Cr. 46 # 8-8 Casa 25 765408 Calima, Valle del Cauca",5,4,Belen
fc285025-01b7-401c-9420-368047b3f9b7,$81007862.61,"Diagonal 188 Bis # 6-67 Bodega 60 766608 El Cairo, Valle del Cauca",3,6,Belen
ae83fbc4-a726-4595-b857-ff87b1568ef3,$717838180.19,"Avenida calle 94 # 11-3 Sur Bodega 651 233055 Tuchín, Córdoba",4,1,Sabaneta
d48b56c0-50d0-474d-9e69-dac95f695401,$927715492.26,"Avenida calle 63 # 7-1 Este Oficina 29 151637 Sativasur, Boyacá",5,6,Sabaneta
1e6d9fa0-c405-44a5-9233-b0fdc9dcdbce,$453882017.8,"Av. calle 32 # 72-61 Este Bodega 80 158697 Motavita, Boyacá",5,2,Envigado
867faea3-61f8-4a5b-952f-90d6ba46a9c4,$912990872.95,"Cr. 185J # 48-43 Este 542269 Chitagá, Norte de Santander",2,1,Poblado
d4594173-0a88-466d-9d7b-ccaccb57b40c,$207626649.76,"Av. carrera 7ª # 78-14 Este 278799 Nuquí, Chocó",3,5,Belen
b5d17deb-4fe1-456d-ba5e-c737a0d590ac,$467195776.24,"Calle 143B # 80-25 Este Apartamento 7 153424 Coper, Boyacá",4,6,Belen
4d715d69-c505-49d2-b850-4a50c5e0ad9f,$714747000.73,"Cl. 6Y Bis H # 48-49 Sur 255800 Albán, Cundinamarca",3,5,La Estrella
fc41f001-f734-4030-8788-59ea89c8b99e,$465870920.39,"Carrera 122 # 14-6 Sur Casa 2 688160 Santa Bárbara, Santander",5,1,Caldas
0cce1969-1de5-4c28-9a99-f0e2bb00f642,$747807227.12,"Cr. 9ª # 9-22 Este 157985 Zetaquira, Boyacá",5,3,Poblado
412436ef-7516-4344-a88e-7c2770bb14d5,$136760542.3,"Cr. 88 # 60Y-81 Oficina 913 175554 La Merced, Caldas",5,5,Poblado
32221afd-29f6-43c7-a6b1-ba144735fba1,$999593796.03,"Avenida Marín # 4-6 Este 250858 Guatavita, Cundinamarca",3,5,Poblado
6b7741a2-9703-44a8-b341-8e9c05e2fe0d,$774953553.96,"Cr. 31 Bis U # 6-1 Apto. 3 133613 María la Baja, Bolívar",2,4,La Estrella
d1c8d189-88cd-4081-bd47-df0f0a76766e,$920269148.53,"Carrera 26A # 29-1 Este Apartamento 38 134667 Achí, Bolívar",2,5,Caldas
55805f24-451c-48e9-96f6-b2997a4d507f,$653045483.48,"Avenida calle 80 # 4-3 Este Local 94 114766 Bogotá, D.C.",4,1,La Estrella
4e87ad38-de44-4d4b-a1ce-9905fbe1f0a2,$380563003.48,"Carrera 51 # 4-75 Este Etapa 3 apartamento 50 540099 Los Patios, Norte de Santander",3,3,Laureles
afb719a7-88e1-4981-99f1-deb6e3e79b6b,$864846439.68,"Cr. 90 # 28-5 Este Casa 3 819431 Cravo Norte, Arauca",3,4,La Estrella
6b596022-0de2-497e-85ac-e17fbc3feace,$323806905.59,"Av. Ruiz # 59-3 Este Etapa 2 apartamento 452 081491 Ponedera, Atlántico",4,5,Poblado
9d58c12a-21d1-4104-bd40-e65d5e08151c,$482084613.17,"Avenida carrera 3ª # 85-87 Sur 523364 La Tola, Nariño",3,3,Itagui
28ca10d2-905f-4559-b4d0-075ae67dc096,$160125521.36,"Dg. 21 # 7Q-40 Bodega 9 414283 Palermo, Huila",4,5,Poblado
d6ab2e51-62c6-4ac6-a2fc-c941945c49c8,$674777367.16,"Cl. 1ª # 99-32 Sur 252788 Ricaurte, Cundinamarca",5,4,Caldas
75fe56bd-4e00-498a-a0e9-61a295b0ea35,$101493881.11,"Cl. 93 # 86L-8 Casa 35 173731 La Merced, Caldas",5,3,La Estrella
9f0e28ee-dc4a-44f6-a8ab-ff1129b70ccd,$644138305.04,"Cl. 9 Este # 85-8 Este 056591 Puerto Triunfo, Antioquia",1,2,Belen
61e113a4-494e-4daf-8305-709665e7bb41,$571758657.13,"Calle 29 # 26-85 Este Casa 8 051843 Arboletes, Antioquia",3,4,La Estrella
7d20defc-1047-4496-8253-b5220e0d125b,$165354779.19,"Cr. 30 # 5-3 Este Bodega 40 730299 Icononzo, Tolima",5,2,Envigado
b7eef2fe-3f88-43f9-8643-94904fbc236b,$345212631.47,"Carrera 32 # 38-64 Sur 639772 Salento, Quindío",1,5,Caldas
fd3f9c05-f901-4b8e-83f1-5a3dacfaf804,$138548741.22,"Avenida calle 29 # 1-9 Este Torre 7 apartamento 7 083886 Sabanagrande, Atlántico",1,4,Laureles
a008cd4a-87ce-4f04-b610-77958f33c75f,$665324204.34,"Carrera 176Z # 2-79 158650 Jericó, Boyacá",2,4,Belen
0f31d969-33a3-4ed2-9163-8400d0197846,$533428414.32,"Calle 7A # 65-26 254300 Venecia, Cundinamarca",3,4,La Estrella
e173f0bd-57d9-4933-bd63-68427124163e,$981232400.97,"Carrera 149L Bis I # 3-26 Este 686368 El Peñón, Santander",2,4,Envigado
0b786c35-a1ca-40ee-a005-e01742d6fac7,$414406712.58,"Tr. 20 # 7P-2 255890 Cáqueza, Cundinamarca",5,5,Envigado
bd4e9fe7-7012-449d-a68b-4bc9909f676e,$870825587.71,"Cl. 184 # 9-9 Este 259027 San Juan de Rioseco, Cundinamarca",3,4,Itagui
3243b538-108c-4172-ba5f-50ec63973c72,$937535974.0,"Cl. 49 # 21-9 Sur Casa 13 252146 Chipaque, Cundinamarca",5,3,Poblado
f74fc4e2-d5e5-4a40-bda4-726015c7ab99,$318697034.12,"Carrera 28 # 25-9 Sur 506904 San Juanito, Meta",3,5,La Estrella
29c3e3f8-a72e-439b-b494-79deb4f0fe86,$871997564.97,"Cl. 43 # 6N-9 Este 949071 San Felipe, Guainía",4,5,La Estrella
9979bb48-9811-459d-b6b9-6d83b11f94af,$377867744.61,"Dg. 34 # 83V-4 Etapa 4 apartamento 55 058275 Betania, Antioquia",5,5,Caldas
233f5684-7e31-4331-8f02-0f3c55427c23,$482577386.02,"Cr. 90T # 65P-89 Este 252111 Guachetá, Cundinamarca",3,2,Sabaneta
00103dbb-9dbd-4fb8-8dc0-a917bc4efc31,$593207759.89,"Av. calle 108 # 8-22 Este Bodega 36 250867 Villa de San Diego de Ubaté, Cundinamarca",2,4,Poblado
557a657d-c077-4aad-b2ed-d0bc803b5521,$352267510.87,"Dg. 92 # 8-64 Sur Bodega 6 856915 Nunchía, Casanare",4,6,Caldas
7d507e40-0083-4c79-a4ab-4f84275e03cc,$416774814.87,"Tr. 4V # 5X-4 Este 196472 Jambaló, Cauca",2,4,Poblado
23263dcc-391d-4bcf-995e-aed593ee3364,$169933956.32,"Dg. 98 # 57-94 Este 680267 Güepsa, Santander",5,3,Laureles
ae36b262-dac8-4568-a423-f8d5b71c2cfa,$880480855.35,"Cl. 6L Bis # 2-6 Este Oficina 2 054717 San Rafael, Antioquia",4,1,La Estrella
504626e2-9d83-4c89-b66f-2159281cebac,$64580218.02,"Cr. 32 # 75-26 207169 Becerril, Cesar",2,4,Envigado
5936308d-bac9-4fac-881c-11f102b02095,$121086835.83,"Carrera 12 Este # 4-5 Este 174759 Neira, Caldas",3,3,Caldas
469d19a8-a7f8-4296-a5dd-d328826d5655,$667344819.95,"Carrera 34C Sur # 7-5 Torre 3 apartamento 7 137800 El Peñón, Bolívar",3,6,Caldas
b9deb744-44f6-49c8-b1db-5cc9d038de3a,$956432612.99,"Dg. 148 # 38-8 Este Etapa 8 apartamento 3 250557 La Mesa, Cundinamarca",4,5,Poblado
81f851c6-5f02-4ac4-8de5-59fd4645e2ff,$636586488.52,"Calle 38 # 9-17 Este 684564 Landázuri, Santander",2,6,Belen
abfdf044-d0b9-44e4-a829-53f08d2b5c6d,$997554626.81,"Carrera 163 # 7-7 Bodega 54 760853 Andalucía, Valle del Cauca",1,4,Laureles
e0e7058b-9111-4c53-8c73-68c10306515c,$772351208.34,"Calle 87 # 8-49 Sur 256312 San Juan de Rioseco, Cundinamarca",1,4,Envigado
e08da705-9f87-46f0-9b70-d70503ba8d9c,$709301104.65,"Cr. 112H # 4-6 Sur Casa 1 051442 Concordia, Antioquia",1,1,Itagui
712ef9b4-e905-4f9e-a12e-fe4f69d186e6,$806336291.9,"Calle 160 Bis # 4-7 Sur Bodega 601 410461 Timaná, Huila",3,3,Itagui
3cb71479-ebb0-41fd-80e4-5a379fd65316,$459152448.46,"Calle 28R # 4-64 256452 La Mesa, Cundinamarca",2,5,Caldas
4d7e0f19-4357-4bf4-8de0-59dafe223c65,$587631658.82,"Calle 192B Bis W # 4-31 Sur Apto. 45 234916 Puerto Libertador, Córdoba",2,2,Envigado
f50a788a-8817-4ad7-8714-5459f0e9dfa9,$125019933.13,"Av. San Juan de Arama # 4O-1 Este Local 12 132735 Simití, Bolívar",4,5,Sabaneta
d6d257da-e79a-4b8f-9894-8b9c704dea80,$522783889.75,"Cl. 57 # 3T-28 Este 528739 Sapuyes, Nariño",5,2,Sabaneta
3a642961-e4b2-420f-ae84-670316cbe732,$488092417.69,"Cl. 4T # 9-71 Bodega 587 158620 Zetaquira, Boyacá",3,4,Belen
e2579a41-2614-4c32-9275-27633a66d778,$683498681.4,Calle 12E # 4-27 865118 Mocoa,4,3,Envigado
14789020-1b6d-4e38-b984-255cfd9d2db5,$120168805.27,"Cr. 158 # 16-55 Este Bodega 903 540371 Hacarí, Norte de Santander",3,5,Belen
d3ef8409-6160-4ddf-9d1a-73ce85571554,$656991767.24,"Carrera 33 # 78-2 Este Apto. 5 051386 Retiro, Antioquia",4,6,Belen
0aaa8d8a-7bde-410d-9880-135533a3c2aa,$483994022.03,"Carrera 67T # 65R-7 Este Bodega 7 528685 El Rosario, Nariño",3,2,Caldas
5f073347-75c7-400b-a842-c2d539f8b3de,$860668685.73,"Calle 5ª # 38-5 685776 Guaca, Santander",1,2,Caldas
1d76e6a1-1667-44b9-a1ec-635814eec35d,$593326557.73,"Cl. 49 # 2-74 Este Torre 4 apartamento 68 411075 Gigante, Huila",5,3,Belen
f4590151-dfca-428e-abcb-80c82e28b0eb,$70842617.97,"Cr. 65 # 2N-46 Este Apto. 629 239409 Puerto Escondido, Córdoba",4,3,Poblado
a12b8de5-5b04-4625-be24-6614901d6cc9,$587632566.11,"Cl. 7 Sur # 99Y-29 058925 Buriticá, Antioquia",1,5,La Estrella
9db23fa6-763a-4db5-bfbd-647e4c78a76e,$841196954.69,"Cl. 36 # 47-88 Sur 689086 Guavatá, Santander",3,2,Itagui
c8dd3687-771b-4459-b666-0958bfc1e718,$258054311.98,"Cl. 19 # 82-35 Sur Torre 4 apartamento 269 191665 Totoró, Cauca",2,5,Belen
f4985991-4edc-4a1b-9621-2fee6de5faf2,$693876235.69,"Avenida carrera 140 # 5-81 Sur Torre 4 apartamento 6 050392 San Jerónimo, Antioquia",2,6,Laureles
cc0977b6-ca28-463c-a3c4-21b5333789da,$908233518.87,"Cr. 198M # 3-1 Sur 058792 Envigado, Antioquia",1,3,La Estrella
c05b7fa7-9f34-4d6c-82b1-b64d3ea717dd,$81696304.68,"Dg. 46 # 81Q-95 204510 Curumaní, Cesar",3,6,Envigado
5fad1494-07fe-4c0b-b2de-a0818e6fdd17,$135626706.96,"Calle 65 # 4-94 Sur Torre 9 apartamento 8 198457 Miranda, Cauca",3,3,Caldas
4548b148-a33d-4c4d-bb65-836d12bc5203,$216858066.92,"Cr. 46 Este # 56-6 Sur 086216 Baranoa, Atlántico",2,5,Itagui
7feb1a11-434e-47e9-8df3-67d5f0d8577f,$554309755.02,"Transversal 129 # 91K-9 Este Casa 4 952482 Miraflores, Guaviare",3,2,Belen
4a0ea54f-27f3-4520-847f-026a88cc68c5,$918346505.86,"Transversal 142 # 31-12 Este Casa 6 155664 La Capilla, Boyacá",4,3,Itagui
be483f64-7f25-4a66-96ff-c380710a80e7,$814020911.67,"Cl. 177M # 4-4 252897 Subachoque, Cundinamarca",4,1,Envigado
5ffe9a8f-5452-435d-81f5-cfb928802663,$766443918.41,"Cl. 173 # 70-6 Sur Apartamento 53 661279 Guática, Risaralda",2,6,Caldas
a2869355-0f1f-46e1-b727-06e53432fab2,$968906259.94,"Av. Puerto Nare # 18-4 Sur Apartamento 97 913886 Tarapacá, Amazonas",5,3,Laureles
9e4672c8-8429-4679-afa5-075225e86a5a,$801147870.16,"Av. Restrepo # 21-38 Este 684908 Oiba, Santander",1,3,Laureles
3434fa10-a0e5-4c17-a540-2c50914ef85a,$482046726.35,"Avenida Huila # 6C-34 Este 990279 Santa Rosalía, Vichada",3,5,Caldas
a8ab559b-e5ee-424a-922b-d7b0bfe44c27,$831296436.17,"Calle 159 Este # 3E-32 Este 158926 Muzo, Boyacá",3,1,Sabaneta
5f34df2b-576f-4a54-9628-2c2ce25e6ad2,$497903024.58,"Calle 80P Bis R # 8-89 Sur Oficina 572 052309 Sonsón, Antioquia",5,5,Itagui
08e97176-a100-4ac9-982d-55143e457a1b,$919493113.31,"Calle 59B # 1-21 Sur Apto. 19 680220 Páramo, Santander",2,6,Laureles
a95c860f-73f1-48c6-9c07-e3c6ff34e032,$653633726.26,"Cl. 96M Sur # 8-3 199501 Bolívar, Cauca",4,6,Belen
ebd86d0b-54cd-4052-b8c4-18fb04459f55,$666777473.97,"Cr. 179C # 74W-6 Sur Local 98 259019 Villa de San Diego de Ubaté, Cundinamarca",1,2,Poblado
9530591d-f4f7-4043-90c9-8d604e577c3e,$948948456.24,"Calle 2ª # 73-79 Local 387 869343 Puerto Asís, Putumayo",3,4,Laureles
34d0aac7-c2bb-4d7e-8908-f54f8beffc0b,$142332398.69,"Carrera 20 # 15-36 Local 9 474414 Tenerife, Magdalena",5,2,Caldas
0cb01d90-b2f9-43e4-9aa1-4ec27f48ebc3,$480961569.04,"Diagonal 108 # 9-95 472785 Sabanas de San Ángel, Magdalena",5,4,Envigado
9545c70f-736d-4318-bbf3-92b0c976e7ca,$891143094.7,"Avenida carrera 7ª # 2-5 Este 200568 San Martín, Cesar",1,4,Caldas
c110f026-b002-45a0-8593-ac7becf04546,$942100412.43,"Calle 40 # 18O-8 Este 447438 Dibulla, La Guajira",3,1,Itagui
c3c5e066-d602-4cd2-b991-bfd94a417715,$256406200.46,"Cr. 181 # 1-2 Sur Torre 6 apartamento 85 158230 Ventaquemada, Boyacá",4,2,Itagui
a8cb8fa5-392e-4445-abff-88e0737be060,$144386893.38,"Cr. 34 Sur # 2-1 Este 703344 Santiago de Tolú, Sucre",3,5,Itagui
ac63976f-2c14-4ae0-9ec9-a404e1bd1515,$107522584.71,"Cr. 6ª # 30-1 Sur Apto. 484 814932 Saravena, Arauca",3,2,Laureles
86b1c772-05af-4240-955f-e62c7ed3e344,$951560248.85,"Cr. 69O # 9-23 Sur 056299 El Santuario, Antioquia",4,1,Sabaneta
fb1d1e14-8433-4b4c-b4f5-27471569ae77,$659619243.87,"Avenida carrera 194 # 62M-6 Sur 157332 Quípama, Boyacá",5,1,Poblado
c5b61fc6-84fe-405c-ae44-a0f581aebfc3,$797454860.93,"Carrera 2M # 5-91 Sur 732459 San Luis, Tolima",2,2,Sabaneta
b2396580-7795-4d2c-b0b1-df3849de062d,$115179645.18,"Avenida calle 7ª # 66-99 Este 636153 Buenavista, Quindío",5,2,Sabaneta
04b90e8d-b3f0-46b7-a8e2-9a8a952be012,$822400332.07,"Tr. 21 # 69-86 Este 255817 Facatativá, Cundinamarca",2,3,Envigado
273ef8ec-f43d-43a3-9b25-dcda4f90d707,$799211566.56,Carrera 43 # 55-74 Este Apto. 4 082784 Barranquilla,5,1,Belen
14fb41d0-eba8-411c-a08e-c58ed21572da,$865485820.06,"Avenida calle 25 # 7A-73 Este 508008 Puerto Gaitán, Meta",2,2,Belen
8d12f3ef-62c0-4b00-a258-fbea72c061e7,$808588132.38,"Transversal 36 # 3-12 Oficina 76 447238 Manaure, La Guajira",1,6,Poblado
0d5bfd17-fd12-41f2-9a5f-09dc48a9425f,$175213068.08,"Av. calle 192 # 96-8 Sur Casa 82 052679 El Carmen de Viboral, Antioquia",3,2,Itagui
4c8b49ec-271c-4257-9eb7-805ea4d11b4b,$64992029.34,"Calle 8ª # 81-29 526895 Cuaspud Carlosama, Nariño",3,1,Envigado
6d5cde6c-bd18-4853-8854-72d66d0855ac,$754632154.11,"Calle 95 # 97-87 Este Etapa 8 apartamento 9 867189 Puerto Guzmán, Putumayo",5,1,Laureles
f5d2d470-32c1-48ae-822c-4933b754dbb2,$502433667.15,"Carrera 3ª # 14-5 Sur Oficina 64 479494 San Sebastián de Buenavista, Magdalena",3,5,Laureles
e41300fe-ae54-4af7-968d-1d94640b43b0,$479405148.91,"Cl. 31 # 82X-6 134294 María la Baja, Bolívar",2,5,Poblado
12c30717-c4c3-4dfc-9692-a5dcea4a73f0,$740880847.31,"Cl. 63O Este # 5-2 Torre 8 apartamento 31 259276 San Bernardo, Cundinamarca",5,3,La Estrella
66919c3e-4fea-4a81-85bc-187ff90fd6e0,$661173650.0,"Dg. 50 # 66O-9 Este Bodega 748 176674 Villamaría, Caldas",1,1,La Estrella
9a0b44e8-201a-430c-9181-451994ec50be,$854933616.01,"Cr. 43 # 62-9 054149 Rionegro, Antioquia",4,6,Laureles
a0ee6636-4f67-43b5-b221-973f825d8994,$515755411.44,"Calle 11 # 23V-2 055344 Belmira, Antioquia",4,1,Laureles
2e2ecff5-7829-49cc-b62b-1e3fb1839d82,$356006228.76,"Av. calle 74 # 35-24 Sur 154717 Pesca, Boyacá",2,1,Envigado
2850e325-63ac-480b-ac12-d1fbd7ba95e3,$311265199.58,"Calle 2P # 7-4 Este Oficina 704 087173 Campo de la Cruz, Atlántico",5,5,Itagui
1452d031-b8cc-4c34-8add-8ab6eb4ee436,$411859178.88,"Carrera 1ª # 56V-3 Este Bodega 5 151947 Cómbita, Boyacá",5,5,Belen
d9f729e8-4a65-4f2c-b954-9eac61bd7db9,$481029646.7,"Av. carrera 27 # 65-5 Sur Oficina 176 478306 Remolino, Magdalena",5,4,Laureles
9261b247-1f76-4ae4-8ca2-38adefa6f6cc,$803441288.45,"Cl. 61M # 47-3 Apto. 614 052806 Uramita, Antioquia",1,6,Sabaneta
7210c2a3-3e3a-4101-a6ff-a516e86acc94,$458566444.58,"Calle 1ª # 93-8 Este 197870 Sotará Paispamba, Cauca",2,4,Itagui
0d93b719-4a67-4d9c-8658-6ab6f5601e52,$836048263.54,"Av. Beltrán # 1-32 Este Casa 4 912707 Tarapacá, Amazonas",4,4,Laureles
dfa5733e-61a8-4786-91d6-21e441fbbc6a,$346920932.5,"Diagonal 66 # 7X-6 Etapa 2 apartamento 8 051799 Santo Domingo, Antioquia",3,6,Belen
9f57abae-1b15-4f5d-89c0-d47b91a0df85,$405585972.26,Calle 36 # 88-42 Este Casa 6 999251 Puerto Carreño,2,6,La Estrella
7eb04084-473e-46e7-88f7-87324e0c0455,$113776642.73,"Calle 59 # 37-4 Casa 22 057100 Retiro, Antioquia",1,1,Caldas
1bbd0479-55ef-4066-8cbd-7752e48a1d79,$141736210.94,"Av. carrera 64 # 48-4 Bodega 7 259279 Tenjo, Cundinamarca",3,2,Poblado
e6a8bc68-c2db-4f10-83a8-1ea9d1e4361c,$607141828.6,"Tr. 172P # 1-1 Este 860312 Villagarzón, Putumayo",5,5,Itagui
8f68a1be-914f-4ba1-ad05-b836835c2075,$686512601.5,"Carrera 137D Sur # 75-4 Este Etapa 4 apartamento 750 520822 La Llanada, Nariño",4,3,Caldas
d6c8d729-b4a8-48fc-96d4-53f8496619fc,$874687541.43,"Carrera 1ª # 8E-33 Sur Torre 2 apartamento 6 476363 Fundación, Magdalena",1,3,Belen
1e600be6-9c72-41f6-92f3-2c8957ce47da,$384063876.41,"Carrera 5ª # 8-8 Sur 524352 Roberto Payán, Nariño",5,5,Sabaneta
3301575a-670e-463c-95a3-cf8c48d61475,$196993667.07,"Carrera 139 # 57-1 Este Local 49 189831 El Doncello, Caquetá",4,2,Laureles
0ab626e8-0af8-468a-85d1-659e3f3a2bf9,$382608294.51,"Carrera 9ª # 9-7 Sur Torre 4 apartamento 69 689060 Florián, Santander",5,3,Laureles
a72c4986-8960-4e95-8006-3b56a6208ff5,$774475350.34,"Cr. 11 # 34-8 Este Bodega 8 156325 Berbeo, Boyacá",5,2,Caldas
6bb49b6b-caa2-486d-94f2-60dadea5b8af,$852897403.26,"Avenida Sucre # 74-5 Este 057016 Giraldo, Antioquia",5,5,Poblado
23d92b0b-03ba-4eb8-a21c-1feb1805cae6,$628545169.78,"Cl. 9ª # 38-63 Torre 2 apartamento 60 956579 Miraflores, Guaviare",3,1,Envigado
b8a3a88e-4c70-45a9-b802-ca51b95528c5,$309606869.28,"Calle 85 # 28-8 Este 945486 Pana Pana, Guainía",3,3,Itagui
0c45d6fb-3cec-435a-80e6-751dbd7d6a82,$55800499.93,"Tr. 31 # 8-32 911162 El Encanto, Amazonas",2,5,Caldas
690ce8f5-b519-43b0-9f18-b46173e615aa,$116106150.19,"Calle 93 # 66-69 Sur 855670 Sabanalarga, Casanare",1,1,Sabaneta
c5d0c187-81f9-4dc8-bbcf-d0bc6e6acd3d,$407384685.42,"Cl. 30 # 3-37 Este 862437 Villagarzón, Putumayo",4,3,Envigado
a0b2cc4d-2431-45a3-b557-411e86fd9f6e,$401550437.85,"Cl. 42 # 60-6 Etapa 3 apartamento 3 911059 Puerto Nariño, Amazonas",3,5,Laureles
07d43649-bd41-41b9-81ba-68f1f6e31ace,$889175075.29,"Av. calle 12 # 58R-85 Sur Bodega 91 526727 Ricaurte, Nariño",2,2,Poblado
26c44fe0-9dc2-4d75-99ae-932d8fc13b32,$690270275.08,"Diagonal 175 # 1-4 Este Bodega 60 158140 Tenza, Boyacá",3,4,Caldas
40274373-f30f-4be5-b2ec-d45e847154bc,$511378619.65,"Cr. 180 # 36L-7 Sur 861863 Puerto Guzmán, Putumayo",4,4,Belen
97386f47-bab7-4156-a70b-75dca4cde385,$254790517.07,"Carrera 3O Bis # 7N-3 Este 548137 Durania, Norte de Santander",5,1,Itagui
0b5eb395-77eb-40a7-a7be-35911667ccf8,$458417951.73,"Cr. 5ª # 88-3 131961 San Cristóbal, Bolívar",3,6,La Estrella
fb364ade-e442-467c-b039-2ee548a6eefc,$550587401.79,"Calle 5ª # 2-57 Sur 197873 Mercaderes, Cauca",3,1,Sabaneta
ef9acecb-8b52-4630-9bc0-384b71fb7101,$425500226.28,"Carrera 8I # 15D-58 197195 Cajibío, Cauca",5,1,Poblado
83e2c809-ebbe-44f1-976d-06ddd27d424f,$244201968.14,"Transversal 150 # 2-98 052045 Vigía del Fuerte, Antioquia",2,2,Belen
661ea7ba-f714-45be-9a31-e11646a596a7,$324974774.66,"Avenida calle 30 # 85-7 Sur 191895 Inzá, Cauca",1,1,La Estrella
1c6a9d9a-706a-4278-9deb-417cf67c21a8,$759663417.26,"Cr. 116Z # 21-3 Apto. 4 178988 Pácora, Caldas",2,2,Caldas
edc5df4f-a74f-4f19-90ad-ce5ec413d26c,$555953230.47,"Dg. 42 # 3-23 Sur 732401 Líbano, Tolima",2,5,Itagui
ac413305-44d5-4c62-a75d-dca3427e286a,$118471721.76,"Calle 5ª # 5-1 Apto. 16 151089 El Espino, Boyacá",1,4,Poblado
01c92c67-2f9b-4ef8-b0e2-bd8cfd0697f9,$486766537.84,"Carrera 49 # 21-1 Este Torre 4 apartamento 30 154955 Muzo, Boyacá",1,3,Caldas
3e89e0ea-2bde-4b8e-967e-d66e54c4fb7a,$594729696.84,"Cr. 31 # 7M-4 Este Torre 5 apartamento 3 238759 Pueblo Nuevo, Córdoba",4,3,Laureles
8b18aeae-f5bb-460b-a317-73450e481949,$434780691.71,"Calle 116P # 5-89 Oficina 211 257548 Cabrera, Cundinamarca",3,2,La Estrella
23870517-7205-4651-8123-8bdbdaccf7a4,$840424617.42,"Cr. 111 # 7-2 Este Etapa 7 apartamento 45 660716 Belén de Umbría, Risaralda",3,1,Caldas
3b7316f5-7bfb-4c90-9348-7893315c6a38,$852260141.82,Cr. 59 # 86-75 Sur 181367 Florencia,2,4,Caldas
a5f696a0-bc91-46bd-8e8e-97ceeee8edab,$547764415.85,Cr. 2ª # 30-7 Este 817732 Arauca,4,3,Itagui
ae383224-ed20-45fc-855f-f60891156f63,$260493455.95,"Carrera 58 # 98-1 Casa 5 478773 Nueva Granada, Magdalena",2,1,Laureles
299771dc-01b9-46a9-9d2c-f465bd64a8aa,$554074579.73,"Cr. 82W # 74-8 680028 Guaca, Santander",2,3,Itagui
7ade8b7b-9e61-41f5-b621-d4b8265307e0,$741010150.39,"Cl. 6J # 1-3 Sur 734796 Villarrica, Tolima",2,2,Laureles
46c4aa77-7431-4833-8696-7c9474fdda76,$189122007.36,"Cr. 29 # 24C-6 506503 Vistahermosa, Meta",2,2,Envigado
eb6cf53b-5385-439a-a0d5-da02f6c4711d,$772204530.77,"Cl. 29 # 4D-6 Sur Local 164 057905 Copacabana, Antioquia",1,2,La Estrella
67cf5c2e-ce68-435b-90ca-515daaa42889,$490755415.09,"Cl. 79 # 2T-2 Este 761834 La Victoria, Valle del Cauca",5,5,La Estrella
531d7002-3a50-40ab-8704-16c06f6632de,$697076804.4,"Carrera 136 # 99-8 Este 501484 Cabuyaro, Meta",5,6,Itagui
a828d928-2c09-43c7-a0f0-083b57cc9817,$871034531.09,"Av. calle 108 # 3-47 194896 Caloto, Cauca",3,2,La Estrella
6ac61ab5-271d-46a7-82b6-1a7489e1774a,$114871945.57,"Cl. 112H # 4-5 Sur 414424 Garzón, Huila",4,6,Belen
86e2c162-a2f2-4571-bf06-5f240b699f63,$806513195.19,"Cl. 107R Este # 60-51 Oficina 7 734204 Roncesvalles, Tolima",5,1,Itagui
4d1798f1-a641-424b-8915-1a42807d5930,$531970041.03,"Carrera 58Y # 41-2 Sur Local 22 669818 Balboa, Risaralda",3,4,La Estrella
600ccce1-1221-490e-a8f4-22c7d08abc00,$85726883.29,"Dg. 107 # 61-9 Sur Oficina 43 472347 Puebloviejo, Magdalena",3,3,Laureles
67f48769-f8fc-4b5b-95c3-37d61d1fd395,$662433146.1,"Cl. 25 # 83-7 Torre 5 apartamento 374 739003 Dolores, Tolima",1,5,Caldas
33f5a502-cd43-4e7f-bf46-cfd27beedf8f,$489576075.98,"Calle 87 # 25-36 Este Etapa 5 apartamento 23 547560 Pamplona, Norte de Santander",5,6,Poblado
c6aea8e1-d785-4562-b7bf-9a4539c068f1,$477247018.47,"Cl. 5ª # 2-31 Apto. 697 250272 San Antonio del Tequendama, Cundinamarca",5,6,Sabaneta
2bbe77bc-d76e-4727-a672-062f70dd954a,$355450424.74,"Avenida calle 44 # 6-3 Sur 852429 Hato Corozal, Casanare",4,5,Envigado
0b2ef4e4-8334-41b4-934d-9059941783fc,$959836240.92,"Carrera 142 # 6-3 Este 523420 Santacruz, Nariño",4,1,Itagui
f90bf31d-5600-45de-9ca2-9ebb3216224c,$983266302.04,"Cl. 4N Este # 33J-76 Apartamento 971 153344 Jericó, Boyacá",1,5,Envigado
0d8924db-2099-4264-8543-4e3e9ffae20e,$87185019.89,"Avenida Santiago Forero Toro # 24-91 051072 Itagüí, Antioquia",4,4,Envigado
81fb9d4b-4121-43dc-82d7-40ce9f4f1620,$395703061.7,"Cl. 35 # 30R-59 Local 45 054896 Sopetrán, Antioquia",3,4,Caldas
77416d86-3f02-4a72-b029-a3633f4a133d,$785741549.15,"Calle 82 # 7I-55 Sur 768624 Palmira, Valle del Cauca",5,1,Itagui
ce1ecc3a-07bd-4df0-ae24-ac459a9452e5,$112616261.57,"Cl. 80 # 7-27 Sur Local 77 258703 Sesquilé, Cundinamarca",1,5,Caldas
dfdf1c2b-ef8c-4ba9-a4b2-356b28f49f1f,$319939625.18,"Avenida carrera 122 # 44-19 Este Bodega 671 051513 Retiro, Antioquia",5,2,Itagui
37ac864f-7709-44a4-8bb3-87f080dcdb65,$127426888.08,"Transversal 61 # 2-8 Este 190416 Caloto, Cauca",2,3,Belen
dcc4c3cc-fd1d-4c65-98be-399e4f654571,$969311682.31,"Avenida carrera 145 # 71-28 Sur 735923 Líbano, Tolima",4,2,Laureles
4ef5bf39-5ba8-458f-bce6-93daca0ebe36,$344102793.05,"Cr. 22 # 5-36 Sur Casa 41 253266 Pacho, Cundinamarca",4,6,Itagui
75120a69-3045-4272-bad9-679302de5b2b,$822525544.62,"Cr. 159 # 7-2 157499 Almeida, Boyacá",5,1,Caldas
15f77a9c-1c59-4f8a-a1b4-4dd3c6ac581a,$533064062.1,"Calle 174 # 3-5 818814 Puerto Rondón, Arauca",1,3,Belen
11935af1-9621-4323-b461-80564e3453c8,$221249776.73,"Carrera 194 # 2-99 Oficina 5 858186 Trinidad, Casanare",2,3,La Estrella
38b02b5e-50f4-4662-84c3-9047e9b0451d,$232404971.98,"Cr. 194O # 4-32 Bodega 30 156459 Garagoa, Boyacá",2,2,Laureles
f0597d0b-438f-4568-9245-a24c17650d5f,$331002496.57,"Carrera 197 # 6-79 Sur 251027 Quipile, Cundinamarca",1,5,Poblado
13fd9d62-2039-4015-9e65-aad631ec2e95,$678832775.5,"Cr. 73 # 9Z-4 Casa 3 131030 San Jacinto, Bolívar",5,2,Caldas
b0721f43-d6dd-42e0-864d-60d17ede6e46,$196540123.26,"Dg. 193 # 7-19 Sur Bodega 36 412277 Guadalupe, Huila",2,6,Envigado
093e3472-4220-4779-9943-ad8e447c84a3,$735123847.92,"Transversal 130P # 66-9 056789 Barbosa, Antioquia",1,4,Itagui
eecc3602-ad58-4394-aec7-addc1366ae97,$692544776.08,"Calle 85 # 6-83 257602 Supatá, Cundinamarca",2,4,Belen
06dc05f2-3869-4c09-b296-c67fdff7682e,$764771606.86,"Calle 27 # 47-44 Este Oficina 77 274172 Sipí, Chocó",4,2,Sabaneta
2a0cddb7-d3f0-4c7c-b0e7-8d0610ec9593,$343994501.73,"Cr. 118 # 6-64 Apartamento 65 058015 San Pedro de Urabá, Antioquia",4,2,Itagui
f142cf02-34e9-4e3d-b971-881e3069ce36,$694391483.81,"Cr. 181D Sur # 2-4 Sur Casa 9 257711 Suesca, Cundinamarca",5,4,La Estrella
b9659dd8-8a28-4e1d-bc6e-b4b3c8f96dff,$780966624.38,"Carrera 103 # 6P-5 Este 175213 Aranzazu, Caldas",4,5,Caldas
84fbf3e4-5c2c-4019-899e-cb2326621bc2,$967954745.55,"Avenida Peña # 97-6 Apto. 563 188632 El Doncello, Caquetá",2,5,Envigado
4c231dde-bf71-43a3-b011-8c5bb0b7a717,$879351824.06,"Cl. 102 # 58B-7 Sur Casa 1 685562 Pinchote, Santander",1,6,La Estrella
514574b8-d4df-4410-8f96-6bbfc5d50c71,$880411097.8,"Cr. 75O # 14-91 Sur Local 68 416738 Oporapa, Huila",5,1,Laureles
4821b6e2-d099-4def-9f38-9fae48a060c4,$320809863.36,"Cr. 10 # 5R-49 Sur Casa 93 548848 La Esperanza, Norte de Santander",2,3,La Estrella
e45eff5f-8638-4c55-bf7c-ea55c1eb721b,$910040898.53,"Carrera 199H # 48-69 Sur Apto. 141 681749 Concepción, Santander",2,4,Laureles
26adfe77-1d38-4443-8b7a-2041e0a9de4b,$949092599.86,"Avenida calle 85 # 7-7 Casa 7 275893 El Cantón del San Pablo, Chocó",2,4,Itagui
4bb0cd32-387f-475c-be11-60cc4d1472c6,$933948330.77,"Carrera 5M # 86-8 Este 131586 Soplaviento, Bolívar",4,1,Caldas
59d3378b-8ebe-4ad3-a804-6a4af7891962,$526906758.96,"Cl. 17 # 28-75 687288 Bolívar, Santander",2,4,Laureles
60078fb1-48a5-4756-87de-3134c367168a,$406167039.75,"Calle 32 # 56-50 Local 5 155454 Maripí, Boyacá",1,3,Laureles
062b7c44-0c49-4c93-82d4-b83679c2df59,$847217473.23,"Transversal 7Z # 39-3 Este Bodega 11 196794 Guapi, Cauca",3,2,Envigado
0e16837c-e85f-43e4-a77f-f05c898bef16,$86388031.56,"Tr. 141 Bis X # 5W-90 Este 706365 Los Palmitos, Sucre",4,6,Envigado
6598d3e8-b9a4-4928-9d5e-654d911d9bc7,$770899097.03,"Calle 43 # 8S-2 Este 158018 Muzo, Boyacá",4,4,Poblado
f7ae907e-c5e6-48aa-9427-bbf9645affc4,$910564614.65,Calle 91 # 3-3 Sur Oficina 106 476085 Santa Marta,1,3,Sabaneta
565d7b48-3db8-4011-8a01-219642c72288,$843214944.32,"Cl. 152D # 55-7 Casa 52 139520 San Pablo, Bolívar",5,6,Caldas
61994c4e-e7cd-43b8-9fb5-f880ac1f0491,$155627517.31,"Carrera 163 # 94A-2 050578 Sopetrán, Antioquia",3,2,Belen
4b1a102c-ffc6-47df-9a09-82dfd44517cb,$165755927.9,"Carrera 80 Bis B # 14T-12 Sur Etapa 7 apartamento 8 155823 Otanche, Boyacá",2,4,La Estrella
2d379861-fa3f-42d6-b15e-6c19f318fd9d,$109666793.46,"Cr. 3ª # 44-96 Sur Etapa 7 apartamento 60 258914 Topaipí, Cundinamarca",4,5,Poblado
8d8995b6-2984-4e93-a23c-559bdb07a39a,$650357194.91,"Av. calle 3ª # 80-19 Etapa 8 apartamento 55 507950 La Macarena, Meta",5,2,Envigado
c4d94ca6-72f4-4996-8e6c-3a59cc1660df,$326708388.39,"Diagonal 69 # 2-80 Sur Oficina 96 188071 Puerto Rico, Caquetá",1,5,Itagui
267c855a-6a6b-4003-983f-713936434aaf,$278536026.87,"Diagonal 83H # 44B-17 195319 Sotará Paispamba, Cauca",4,2,Laureles
1f70cf5f-83dc-4646-bddb-30ef13df494b,$547310329.79,"Transversal 93 # 14-93 Este Apto. 52 541921 Santiago, Norte de Santander",3,1,Poblado
4bf6027d-e1fc-4c5f-850d-c726ecfe6adb,$420931045.93,"Carrera 103 # 7-9 Sur 254187 Nemocón, Cundinamarca",4,1,Caldas
6d0455d6-da37-480d-bd54-e65ef318c15a,$981987451.42,"Cl. 21 # 7-1 Este Apartamento 71 443613 Fonseca, La Guajira",3,6,Poblado
10a6fb6e-f66d-49c8-9011-ffb64e7e88d4,$389239182.69,"Cr. 8U # 11-1 Sur 478319 Zapayán, Magdalena",1,3,Sabaneta
e397b248-80a6-4559-878d-91a170c4e10f,$746293970.38,Carrera 76J # 7-4 Este 449611 Riohacha,1,5,Itagui
8b9e40be-fef7-40a2-b8e6-47b478c326df,$176739110.37,"Calle 2A # 33-9 Sur 050785 Ciudad Bolívar, Antioquia",3,5,Itagui
17fb6d5c-f810-4b77-8995-25f912de685a,$822833422.28,"Carrera 6U # 3-38 Sur Oficina 82 520024 Cuaspud Carlosama, Nariño",2,6,La Estrella
f4109ccc-e46c-4919-a0c0-fa6277f5790d,$981778226.5,"Calle 133 # 85-83 Este Local 50 413880 Santa María, Huila",4,6,Envigado
fc943acf-9396-48df-9f40-27d847c4f7ee,$820922797.76,"Av. calle 4ª # 47-49 Sur Local 55 477073 San Sebastián de Buenavista, Magdalena",1,6,La Estrella
07e449d5-ba9a-4f40-a93f-266b505c58d2,$85134600.69,"Calle 195 Bis G # 1-4 470150 San Sebastián de Buenavista, Magdalena",2,1,Sabaneta
9b67cdc7-38a8-454d-bb9a-74d487340e19,$891500866.34,"Diagonal 2ª # 3-7 Este 278323 Bojayá, Chocó",3,3,Caldas
ac101732-d056-46ae-8aed-268451030c58,$989666567.18,"Avenida Manatí # 3-4 155289 El Cocuy, Boyacá",5,4,Belen
7c7d4254-107a-4242-b0e1-5d015b80df20,$84789732.96,"Calle 13 # 94-82 Oficina 693 919938 La Chorrera, Amazonas",2,3,Itagui
c771755b-744e-48fc-b9cc-d3711f07844a,$869031603.95,"Cl. 87 # 79-1 137872 Mahates, Bolívar",1,6,Itagui
82ed594f-944b-48db-9c78-5af22e4c14d5,$309555775.81,"Calle 147 Sur # 13-8 Este 239254 San Andrés de Sotavento, Córdoba",3,4,Caldas
635e49a8-d934-4c49-9eb9-a242af384ef6,$756142320.24,"Cl. 61 # 98J-9 Este 505460 Barranca de Upía, Meta",4,3,Envigado
5cd11c21-b0c8-42aa-8bb5-b053ae389a02,$521393065.21,"Cl. 54 # 3-9 Sur 130835 Clemencia, Bolívar",4,3,Belen
4c81557a-3053-437b-a82b-6c360af2d8c8,$811090683.03,"Cr. 47 # 88-8 Sur 058263 Belmira, Antioquia",4,1,Caldas
8e2b0bd2-f1a3-4e7b-b04c-9e0a6eda7b98,$622330633.89,"Dg. 14 # 65-4 Sur 137805 Río Viejo, Bolívar",2,5,Belen
94cabc26-3c34-41eb-9e14-0159263172e1,$355150856.8,"Cr. 79T # 96G-71 Oficina 95 682259 El Guacamayo, Santander",1,3,Belen
cff9f05a-238d-4cc6-a12c-546f861dd04e,$341171063.29,"Avenida calle 89 # 4-2 Sur Apto. 64 731820 Dolores, Tolima",5,6,Caldas
aae85f11-cf65-4fc2-927a-6d6f77992bf5,$208312533.46,"Avenida carrera 76 # 2-3 Este 278025 Bojayá, Chocó",4,3,La Estrella
e38aeb7f-d139-4e69-99db-e2e167177de4,$90237404.71,"Transversal 4S # 57-4 Bodega 23 684672 Capitanejo, Santander",3,5,Caldas
aae427b2-aaa0-4c83-9685-eaeaaaae102c,$310827592.07,"Cr. 8J # 7-34 Sur 159777 Sogamoso, Boyacá",1,1,Caldas
9b72a79f-d467-436f-bf34-d69a31cd4810,$395145574.12,"Dg. 94 # 4-81 Sur Casa 76 259160 Lenguazaque, Cundinamarca",2,1,Envigado
01d02e75-c5fa-4636-b555-6aa7c722ae35,$856235844.47,"Calle 8ª # 4-76 152438 Miraflores, Boyacá",4,1,Envigado
e977e3df-3b9a-4a95-bed6-c181975e272d,$113871694.91,"Diagonal 32 # 2T-3 Sur Etapa 2 apartamento 377 051837 Ciudad Bolívar, Antioquia",3,3,Caldas
81ec0260-dde8-4f26-88a2-bdbf6551bb86,$951993756.29,"Calle 48 # 90-2 Sur 152752 Nobsa, Boyacá",1,5,Envigado
85d928d3-f112-415d-9716-5a0e56e97b3a,$695108954.07,"Calle 10 # 2-43 413353 San Agustín, Huila",3,3,La Estrella
d5a5abbc-f1dc-4b3a-be27-a8a10b661b69,$774930248.21,"Transversal 26M # 6-61 Casa 18 175583 Villamaría, Caldas",5,2,Itagui
440fd1ac-8bdc-4828-b021-487bb6133d48,$428132343.65,"Calle 73 # 8-29 Este 053149 Caramanta, Antioquia",3,2,Laureles
4f835bbd-f2f9-43ab-baf0-8cc4902c9701,$74617673.82,"Dg. 27K # 8-79 Este 916252 Tarapacá, Amazonas",2,4,Caldas
a0300af8-dbb5-482f-bcea-f64abbb1de80,$917865380.52,"Calle 8ª # 7-42 Este 253639 Chocontá, Cundinamarca",1,3,Belen
2ceb0541-7106-4c96-8d59-0b01aea5d896,$718835920.65,"Cr. 45 # 4-40 Este Torre 8 apartamento 65 058640 Peque, Antioquia",2,5,Belen
f7cd39ca-a27c-4cdc-9ced-d8a84b7ade43,$709281608.99,"Av. calle 121 # 9-4 541302 Arboledas, Norte de Santander",4,2,Laureles
20310828-ed70-4c39-8058-7a26309a3c47,$178941996.84,"Cl. 47 # 2-67 Sur Apto. 74 763629 Trujillo, Valle del Cauca",1,4,Envigado
40919c60-43da-4f7d-9ecd-71cd2cad1bf2,$903745079.25,"Calle 149 # 38-5 Sur 522706 Sapuyes, Nariño",4,1,Itagui
83854703-ac08-43b4-9269-c5be5d0467b3,$684447800.96,"Av. calle 1ª # 9-6 Sur 702732 San Benito Abad, Sucre",1,5,Belen
34d5ed80-ea8f-4683-b336-a4c0ccfdeffb,$896765098.24,"Av. calle 123 # 94-85 Este Oficina 764 636016 Pijao, Quindío",2,6,Envigado
bd0817eb-c5e1-4c53-bb4f-b26c00ad80f3,$804011564.65,"Carrera 52 # 3-19 520502 Nariño, Nariño",5,2,Laureles
a0a591ed-f46d-4a67-bdc2-52d2ec49f532,$985875919.39,"Carrera 5 Bis S # 61-31 Sur 132644 Talaigua Nuevo, Bolívar",2,2,La Estrella
259d0eea-296e-4b31-abde-5564455aa7fe,$74969825.47,"Cr. 62 Bis F # 3-4 Sur 230116 Ayapel, Córdoba",5,5,Itagui
e5bebd38-0ecd-46b3-991f-1cb54796a971,$494035547.33,"Av. La Celia # 29-3 Apto. 8 190234 Florencia, Cauca",5,2,Laureles
108decfc-a0c0-444e-a5a9-e00063b026cf,$112460700.0,"Cr. 100 # 1-20 270937 Sipí, Chocó",4,6,La Estrella
d9b75af3-7b1c-4973-9578-c34d234c8dff,$549410872.09,"Avenida calle 6ª # 16-69 Sur 855555 Támara, Casanare",4,5,Laureles
c49f966a-af83-4bd8-ac0f-13e30a5055a2,$169060443.15,"Cr. 178 # 13-6 Apartamento 82 158435 Buenavista, Boyacá",3,6,Laureles
3a12a3ae-220d-4a95-aa6d-1d219d41ee89,$477475770.88,"Cl. 128G # 1Z-38 Sur Apartamento 636 525671 Guachucal, Nariño",5,3,Envigado
d6dbf789-8f88-4040-8e24-fdb453a9e20b,$884062144.07,"Transversal 21 # 30-6 Sur 138333 San Fernando, Bolívar",5,6,Envigado
1740c15d-2493-44d6-bc12-1e6afd92338e,$779392555.49,Cr. 76U Bis # 48-46 Sur 271539 Quibdó,2,4,Poblado
e4db822f-13c2-47e5-8523-c0e6d4d502e1,$839821266.14,"Avenida carrera 16 # 9-49 Sur Etapa 2 apartamento 29 151952 Guayatá, Boyacá",5,2,Belen
b88aedef-2aa1-470b-8979-28d5b28f2657,$206424225.9,"Diagonal 44 # 37-5 Local 6 686087 Contratación, Santander",3,6,Sabaneta
dcadb953-d7e7-4cda-aa09-6583be279283,$378721928.22,"Diagonal 3ª # 4G-1 053746 Murindó, Antioquia",5,3,Laureles
9c3990c6-374d-460c-9cf3-cd1de2e89dca,$288075043.53,"Cl. 5Q Bis # 73-28 735675 San Luis, Tolima",5,3,Envigado
a6d70968-b828-460d-a306-42dd9034df6a,$643771243.38,"Cr. 60 # 39-71 Sur 477423 Ciénaga, Magdalena",5,5,Laureles
352a86ef-a2d3-4465-a2bf-02ef11211f36,$527444487.5,"Calle 163 # 4-7 Sur Apartamento 27 171859 Viterbo, Caldas",2,5,Envigado
1ea2648c-8cb9-4ab9-9259-c3beb69fce59,$212640591.9,"Calle 2ª # 48-1 Este 416475 Isnos, Huila",5,6,Itagui
e24eeaa8-c52a-4431-af99-dfc76827c01e,$850403503.91,"Diagonal 70 # 98-8 Etapa 2 apartamento 374 731518 Líbano, Tolima",5,1,Poblado
46cfe85e-cc2e-481a-a320-41a39850a69b,$127161712.15,"Calle 33 # 5-1 Apto. 4 850875 Orocué, Casanare",5,3,Sabaneta
aceae580-6218-4a7e-b1a7-e213cb7a0198,$778611050.87,"Carrera 67S # 95-9 Etapa 6 apartamento 90 154084 Nuevo Colón, Boyacá",4,5,Poblado
0a0bf501-6118-421f-a649-f41856fb1df9,$523136157.13,"Carrera 129 Bis # 58-5 Sur Apartamento 4 154329 Boavita, Boyacá",5,3,Belen
eba422b4-7f20-441a-8cbf-f60d4181bcb8,$508797577.27,"Av. Huila # 39-78 Oficina 86 178314 Palestina, Caldas",4,3,La Estrella
62c16ebd-cdca-4e59-9815-e6e072822755,$119324374.23,"Carrera 115K # 34Y-4 Sur Oficina 7 444181 Fonseca, La Guajira",1,2,La Estrella
7745f807-39c8-4ef1-a695-ade524d0ec40,$444840658.9,"Avenida calle 27 # 59-9 Sur Apto. 71 052849 Betulia, Antioquia",4,2,Itagui
b5b43f7f-2a8d-403c-88ee-4d0ac9844ace,$626327249.68,"Calle 108 # 72-52 158896 Boavita, Boyacá",3,6,Itagui
0ca890f4-e52d-4fbd-a815-0cf633a3c057,$747489767.06,"Cr. 24 Este # 25N-2 528446 Policarpa, Nariño",3,4,Envigado
4762112d-e963-493a-bbc8-b08b4ec4b201,$772631745.06,"Transversal 87E # 28-7 258706 Gachetá, Cundinamarca",5,5,Laureles
71d352d9-f552-4a9b-8fd4-056371a89ee1,$353160092.08,"Diagonal 9ª # 7-80 Sur 192832 Puracé, Cauca",4,1,Belen
83254168-c17d-4741-8aad-19ba52687399,$477116211.4,"Cr. 79 # 9-14 Sur 184744 Curillo, Caquetá",2,1,Poblado
f54798d7-4fbf-41c0-80ec-33de5fa76835,$325701404.72,"Avenida Chocó # 20-7 Sur 735105 Santa Isabel, Tolima",4,5,Caldas
ca8c665e-2068-4ffc-ae66-f3af402c0477,$285856766.36,"Cl. 156 # 2R-84 Este 200243 Aguachica, Cesar",2,3,Itagui
60a5433b-752a-45c6-89eb-2a1268e1752f,$230342396.16,"Calle 66 # 83F-5 Casa 36 685313 Ocamonte, Santander",2,4,La Estrella
6da9b387-1f12-4aa8-84b3-be4a0aec264c,$523821722.98,"Cl. 40 # 6-7 Este 682110 Chima, Santander",3,4,Poblado
a19085b0-d2bb-481a-b174-c1aeb6d7cfed,$135546640.29,"Cl. 51 # 86H-23 Este 053928 Barbosa, Antioquia",4,5,La Estrella
4ae995bc-0f1f-4f9a-8e29-ad74a0231188,$968352299.02,"Calle 72 # 4-2 Casa 4 761260 La Unión, Valle del Cauca",2,5,Itagui
d609863e-3153-49cf-8a94-91e85d32b296,$96225226.28,"Calle 114 # 7-45 Sur 526708 Yacuanquer, Nariño",3,4,La Estrella
b532a066-84d9-40f0-8b02-0354c917eda4,$321460962.37,"Cr. 36 # 6-67 Sur Casa 1 055347 San Rafael, Antioquia",1,1,Caldas
61625927-7486-4d5d-a180-a7abd51d9645,$177238196.79,"Cl. 79 # 2-3 Este 159895 El Espino, Boyacá",3,6,Itagui
e80d96c0-1622-4ba6-b87a-00899226c45a,$775663925.95,"Tr. 182G # 4-7 Este Apartamento 41 158954 Macanal, Boyacá",3,1,Caldas
335ee60b-0b15-469e-983f-c900a1ec7781,$98599803.01,"Cl. 52 # 1-4 Este 256880 Nemocón, Cundinamarca",5,2,Itagui
52d17bbf-8e3c-4b64-ac3e-c9047b024959,$575561780.29,"Cl. 120 # 4-1 Este 548686 Teorama, Norte de Santander",1,4,La Estrella
762d8da6-ef36-4268-9c60-4d0eb85aec90,$776183908.97,Cr. 34 # 4-40 Este Etapa 5 apartamento 44 703083 Sincelejo,3,5,Laureles
a88cc296-40f2-46e8-8db9-07669be44fbc,$172230221.15,"Calle 60 # 3-54 152694 Güicán de la Sierra, Boyacá",1,4,Itagui
89b274cd-e784-425b-9a60-1d506e34c348,$805152366.96,"Diagonal 7Y # 4-7 Sur 943543 Barrancominas, Guainía",3,5,Itagui
8f131b52-3220-4115-82ab-f4e62f587ba6,$767216913.68,"Calle 72F # 33-21 Sur Bodega 222 153972 Tibasosa, Boyacá",2,5,Caldas
f002bd85-d77a-4099-b644-2820133638c3,$525074008.39,"Diagonal 1ª # 2-5 Bodega 7 259166 Gutiérrez, Cundinamarca",1,1,Envigado
46a52385-241f-4b49-9f03-abc44812fbb5,$727912254.01,"Carrera 13 # 94-2 Apartamento 21 057972 Campamento, Antioquia",4,5,La Estrella
bffcd2e6-9a96-4360-9cf1-bc7b43225472,$191493631.35,"Cl. 44 # 26V-8 Apto. 912 053036 San Jerónimo, Antioquia",5,2,Itagui
e1dbd312-6e31-42fb-848b-8e229dee6480,$934800298.75,"Carrera 39 # 52-64 151092 Chivor, Boyacá",3,2,Caldas
396faa4d-77ea-4385-8403-a2dc6773f077,$991084950.68,"Cr. 171 # 7-5 Bodega 61 252526 Tibacuy, Cundinamarca",3,5,Itagui
adcded6c-559b-4893-84ea-6f9ec07bc581,$531949236.89,"Cr. 4E # 8-98 Este 137676 Santa Rosa, Bolívar",5,5,La Estrella
b0e94817-7bc0-4c52-9cee-01cbf9964337,$723302816.11,"Av. Atlántico # 3-27 Torre 7 apartamento 28 763503 Ansermanuevo, Valle del Cauca",3,4,Poblado
5532de87-c11e-4740-9035-34902726f142,$399939919.37,Calle 7W Este # 16-25 Este 523330 Pasto,1,4,Belen
8e34dec7-dbba-4e50-89c7-c8e88f828ac2,$806917073.23,"Diagonal 7ª # 3-8 Este 132131 Altos del Rosario, Bolívar",1,5,La Estrella
